id;text;created_at
1;../fake-data/blob/hipster.txt;2024-08-25T13:54:19
2;../fake-data/blob/hipster.txt;2024-08-25T19:14:52
3;../fake-data/blob/hipster.txt;2024-08-25T20:54:11
4;../fake-data/blob/hipster.txt;2024-08-26T08:38:55
5;../fake-data/blob/hipster.txt;2024-08-25T20:31:51
6;../fake-data/blob/hipster.txt;2024-08-26T05:31:00
7;../fake-data/blob/hipster.txt;2024-08-26T06:37:22
8;../fake-data/blob/hipster.txt;2024-08-26T10:01:26
9;../fake-data/blob/hipster.txt;2024-08-25T22:36:23
10;../fake-data/blob/hipster.txt;2024-08-26T02:01:45
