id;title;description;created_at;status
1;Shirt Liaison;secured methodical;2024-08-25T22:25:42;REVIEWED
2;Walk matrix Lakes;Bedfordshire withdrawal portals;2024-08-26T06:17:37;IN_PROGRESS
3;withdrawal;Polarised;2024-08-25T14:02:33;IN_PROGRESS
4;red state;Glen Sports;2024-08-25T19:45:31;IN_PROGRESS
5;e-business Multi-tiered Dam;invoice;2024-08-26T06:21:35;COMPLETED
6;exploit microchip Account;Extended;2024-08-26T00:02:55;REVIEWED
7;Cambridgeshire moderator;Cambridgeshire Parkway Communications;2024-08-26T07:10:53;IN_PROGRESS
8;olive Cotton;Usability;2024-08-25T10:26:14;REVIEWED
9;e-markets;Platinum;2024-08-26T05:10:00;IN_PROGRESS
10;input Checking Cambridgeshire;Virtual parallelism Berkshire;2024-08-25T10:38:05;COMPLETED
